Opening,Title,Genre,Director,Cast,Source
*JAN*,*No One Killed Jessica*,Social/Thriller,Raj Kumar Gupta,"Rani Mukherjee, Vidya Balan |",
,*Impatient Vivek*,Adult/Comedy/Romance,Rahat Kazmi,"Prasun Sharma, Sayali Bhagat |",
,*Yamla Pagla Deewana*,Comedy/Drama/Action,Samir Karnik,"Dharmendra, Sunny Deol, Bobby Deol, Kulraj Randhawa |",
,*Turning 30!!!*,Adult/Romance/Comedy,Alankrita Shrivastava,"Purab Kohli, Gul Panag |",
,*Mumbai Mast Kallander*,Comedy/Comedy/Comedy,Aman Mihani,"Shilpa Shukla, Mohsin Akhtar |",
,*Odyssey of Persistence*,Social,"Sagar Ambre
Nikunj Pathak",Diksha Tomar,
,*Dhobi Ghat*,Drama,Kiran Rao,"Prateik Babbar, Aamir Khan, Monica Dogra |",
,*Hostel*,Social,Manish Gupta,"Vatsal Sheth, Tulip Joshi, Mukesh Tiwari |",
,*Dil Toh Baccha Hai Ji*,Romance/Comedy,Madhur Bhandarkar,"Ajay Devgn, Emraan Hashmi, Shruti Haasan |",
*FEB*,*Yeh Saali Zindagi*,Cult,Sudhir Mishra,"Arunoday Singh, Chitrangada Singh, Irrfan Khan |",
,*United Six*,Action/Thriller,Vishal Aryan Singh,Parvathy Omanakuttan |,
,*Utt Pataang*,Comedy,Srikanth V. Velagaleti,"Vinay Pathak, Mahie Gill, Mona Singh",
,*Patiala House*,Family drama,Nikhil Advani,"Akshay Kumar, Anushka Sharma, Rishi Kapoor, Dimple Kapadia |",
,*Angel*,Drama,Ganesh Acharya,"Nilesh Sahay, Madalasa Sharma, Aruna Irani |",
,*Aashiqui.in*,Romance,Shankhadeep,,
,*7 Khoon Maaf*,Thriller/Black comedy,Vishal Bhardwaj,"Neil Nitin Mukesh, Priyanka Chopra, Naseeruddin Shah, John Abraham, Irrfan 
Khan, Konkona Sen Sharma | [2]",
,*Kaccha Limbo*,Children,Sagar Ballary,"Vinay Pathak, Sarika, Rukhsar, Chinmay Kambli | [3]",
,*Masti Express*,Comedy,Vikram Pradhan,"Rajpal Yadav, Johnny Lever, Divya Dutta, Manoj Joshi, Razzak Khan, Vijay 
Patkar, Rohan Shah, Vinit Jain, Sameer Mohammed| [4]",
,*Tanu Weds Manu*,Romance/Drama,Anand Rai,"Madhavan, Kangana Ranaut, Jimmy Shergill, Ravi Kissen |",
,*Satrangee Parachute*,Family,Vineet Khetrapal,"Jackie Shroff, Kay Kay Menon, Rupali Ganguly, Zakir Hussain |",
*MAR*,*Yeh Faasley*,Drama,Yogesh Mittal,"Anupam Kher, Pavan Malhotra | [5]",
,*Happy Husbands*,Comedy,Anay,"Anay, Kurush Deboo, Mohit Ghai, Ahwaan, Archana | [6]",
,*Monica*,Drama,Sushen Bhatnagar,"Divya Dutta, Ashutosh Rana |",
*APR*,*Game*,Mystery/Action,Abhinay Deo,"Abhishek Bachchan, Kangana Ranaut, Sarah Jane Dias, Jimmy Shergill, Boman 
Irani, Anupam Kher | [7]",
,*F.A.L.T.U*,Satire/Comedy/Teen film,Remo D'souza,"Jackky Bhagnani, Puja Gupta, Arshad Warsi, Ritesh Deshmukh | [8]",
,*Memories in March*,Drama,Sanjoy Nag,"Deepti Naval, Rituparno Ghosh, Raima Sen | [9]",
,*Thank You*,Comedy,Anees Bazmee,"Akshay Kumar, Bobby Deol, Sunil Shetty, Irrfan Khan, Sonam Kapoor, Celina 
Jaitley, Rimi Sen | [10]",
,*Teen Thay Bhai*,Drama,Mirgdeep Singh Lamba,"Om Puri, Shreyas Talpade, Deepak Dobriyal, Ragini Khanna | [11]",
,*Dum Maaro Dum*,Thriller,Rohan Sippy,"Abhishek Bachchan, Bipasha Basu, Prateik Babbar, Aditya Pancholi, Rana 
Daggubati | [12]",
,*Zokkomon*,Children,Satyajit Bhatkal,"Darsheel Safary, Anupam Kher, Manjari Fadnis | [13]",
,*Shor in the City*,Drama/Cult,"Raj Nidimoru, Krishna Dk","Tusshar Kapoor, Preeti Desai, Alok Chaturvedi | [14]",
,*Chalo Dilli*,Comedy Road movie,Shashant Shah,"Lara Dutta, Vinay Pathak, Akshay Kumar | [15]",
,*I Am*,Social/Drama,Onir,"Sanjay Suri, Radhika Apte, Shernaz Patel, Anurag Kashyap, Pooja Gandhi, Rahul 
Bose, Arjun Mathur, Abhimanyu Shekhar Singh, Nandita Das, Juhi Chawla, Manisha 
Koirala, Purab Kohli | [16]",
,*Naughty @ 40*,Comedy,Jagmohan Mundhra,"Govinda, Yuvika Chaudhary, Anupam Kher, Shakti Kapoor, Sayali Bhagat, Sanjay 
Mishra | [17]",
*MAY*,*Luv Ka The End*,Teen/Comedy,Bumpy,"Shraddha Kapoor, Taaha Shah | [18]",
,*Haunted – 3D*,Horror,Vikram Bhatt,"Mahakshay Chakraborty, Twinkle Bajpai, Achint Kaur | [19]",
,*Love U...Mr. Kalakaar!*,Romance/Comedy,S. Manasvi,"Tusshar Kapoor, Amrita Rao | [20]",
,*Ragini MMS*,Horror/Romance,Pawan Kripalani,"Kainaz Motivala, Rajkummar Rao | [21]",
,*Shagird*,Action/Drama,Tigmanshu Dhulia,"Nana Patekar, Anurag Kashyap, Mohit Alawat | [22]",
,*Stanley Ka Dabba*,Children,Amole Gupte,"Partho, Divya Dutta | [23]",
,*404*,Psychological thriller,Prawaal Raman,"Rajvvir Aroraa, Imaad Shah, Nishikant Kamat | [24]",
,*Pyar ka Punchnama*,Romance/Comedy,Luv Ranjan,[25],
,*Kucch Luv Jaisaa*,Drama/Comedy,Barnali Ray Shukla,"Rahul Bose, Shefali Shah | [26]",
*JUN*,*Ready*,Comedy,Anees Bazmee,"Salman Khan, Asin, Paresh Rawal, Mahesh Manjrekar, Sanjay Dutt, Ajay Devgn, Kangana 
Ranaut, Zarine Khan, Chunky Pandey, Arbaaz Khan | [27]",
,*Shaitan*,Drama/Thriller,Bijoy Nambiar,"Rajeev Khandelwal, Kalki Koechlin | [28]",
,*Bheja Fry 2*,Comedy,Sagar Ballary,"Vinay Pathak, Minissha Lamba, Kay Kay Menon, Amole Gupte | [29]",
,*Always Kabhi Kabhi*,Romance/Teen,Roshan Abbas,"Ali Fazal, Giselli Monteiro, Zoa Morani, Satyajeet Dubey, Satish Shah, Lilette 
Dubey | [30]",
,*Bhindi Baazaar Inc.*,Thriller,Ankush Bhatt,"Kay Kay Menon, Piyush Mishra, Deepti Naval, Prashant Narayanan, Shilpa 
Shukla | [31]",
,*Bin Bulaye Baraati*,Crime,Chandrakant Singh,"Rati Agnihotri, Gulshan Grover, Manoj Joshi, Shakti Kapoor, Priyanka Kothari, 
Johnny Lever, Sanjay Mishra, Om Puri, Vijay Raaz, Aftab Shivdasani |",
,*Double Dhamaal*,Comedy,Indra Kumar,"Sanjay Dutt, Arshad Warsi, Javed Jaffrey, Riteish Deshmukh, Aashish 
Chaudhary, Mallika Sherawat, Kangana Ranaut | [32]",
,*Bbuddah... Hoga Terra Baap*,Action/Comedy,Puri Jagannadh,"Amitabh Bachchan, Charmy Kaur, Raveena Tandon, Hema Malini, Prakash Raj, Sonu 
Sood, Sonal Chauhan | [33]",
,*Delhi Belly*,Adult/Comedy,Abhinay Deo,"Imran Khan, Shenaz Treasurywala, Poorna Jagannathan, Rahul Pendkalkar, Vir 
Das, Vijay Raaz | [34]",
,*Murder 2*,Romantic thriller,Mohit Suri,"Emraan Hashmi, Jacqueline Fernandez, Prashant Narayanan | [35]",
,*Chillar Party*,Children,"Vikas Bahl, Nitesh Tiwari",[36],
,*Zindagi Na Milegi Dobara*,Romance/Road,Zoya Akhtar,"Hrithik Roshan, Katrina Kaif, Naseeruddin Shah, Abhay Deol, Farhan Akhtar, Kalki 
Koechlin | [37]",
,*Singham*,Action,Rohit Shetty,"Ajay Devgn, Kajal Aggarwal, Prakash Raj | [38]",
,*Khap*,Social,Ajai Sinha,"Om Puri, Govind Namdeo, Manoj Pahwa, Yuvika Chaudhary, Mohnish Bahl | [39]",
,*Gandhi to Hitler*,Biographical,Rakesh Ranjan Kumar,"Neha Dhupia, Raghubir Yadav | [40]",
,*Bubble Gum*,Drama,Sanjivan Lal,"Sohail Lakhani, Apoorva Arora, Sachin Khedekar, Tanvi Azmi | [41]",
*AUG*,*Chala Mussaddi... Office Office*,Comedy/Social,Rajiv Mehra,[42],
,*I Am Kalam*,Drama,Nila Madhab Panda,"Harsh Mayar, Gulshan Grover | [43]",
,*Milta Hai Chance By Chance*,Comedy/Romance,Ramesh Modi,"Gracy Singh, Aslam Khan, Vishal Kaushik, Sana Govi, Reshma Modi, Mahesh 
Thakur | [44]",
,*Warning*,Horror,Karan Razdan,"Jannat Zubair Rahmani, Atul Kulkarni, Rituparna Sengupta, Anupam Kher, Satish 
Kaushik, Ila Arun | [45]",
,*Aarakshan*,Social,Prakash Jha,"Amitabh Bachchan, Saif Ali Khan, Manoj Bajpai, Deepika Padukone, Prateik 
Babbar | [46]",
,*Phhir*,Thriller,Girish Dhamija,"Rajneesh Duggal, Adah Sharma, Roshni Chopra | [47]",
,*Chatur Singh Two Star*,Comedy,Ajay Chandok,"Sanjay Dutt, Ameesha Patel, Suresh Menon | [48]",
,*Not a Love Story*,Crime,Ram Gopal Varma,"Mahie Gill, Deepak Dobriyal, Ajay Gehi, Urmila Matondkar | [49]",
,*Sahi Dhandhe Galat Bande*,Comedy,Parvin Dabas,"Parvin Dabas, Sharat Saxena, Vansh Bharadwaj, Anupam Kher, Ashish Nayyar, 
Kuldip Ruhil | [50]",
,*Chitkabrey – Shades of Grey*,Social,Suneet Arora,"Ravi Kissen, Rahul Singh, Rajesh Shringapure, Sanjay Swaraj, Akshay Singh, 
Bobby Vats, Divya Dwivedi | [51]",
,*Shabri*,Action,Lalit Marathe,Eesha Koppikhar | [52],
,*Yeh Dooriyan*,Romance,Deepshika,"Deepshika, Kaishav Arora | [53]",
,*Bodyguard*,Romance/Action,Siddique,"Salman Khan, Kareena Kapoor, Hazel Keech | [54]",
,*Mummy Punjabi*,Comedy,Pammi Somal,"Kirron Kher, Jackie Shroff, Divya Dutta | [55]",
*SEP*,*That Girl in Yellow Boots*,Social,Anurag Kashyap,"Kalki Koechlin, Naseeruddin Shah | [56]",
,*Mere Brother Ki Dulhan*,Romance/Comedy,Ali Abbas Zafar,"Imran Khan, Katrina Kaif, Ali Zafar, Tara D’Souza | [57]",
,*Rivaaz*,Social,Ashok Nanda,"Deepti Naval, Reema Lagoo, Meghna Naidu | [58]",
,*Mausam*,Romance,Pankaj Kapoor,"Shahid Kapoor, Sonam Kapoor, Anupam Kher | [59]",
,*Speedy Singhs*,Drama,Robert Lieberman,"Anupam Kher, Gurpreet Guggi, Vinay Virmani | [60]",
,*U R My Jaan*,Romance,Aron Govil,"Mikaal Zulfikaar, Priti Soni, Aman Verma | [61]",
,*Force*,Action/Romance,Nishikant Kamat,"John Abraham, Genelia D'Souza | [62]",
,*Hum Tum Shabana*,Romance/Comedy,Sagar Ballary,"Tusshar Kapoor, Shreyas Talpade, Minnisha Lamba | [63]",
,*Saheb Biwi Aur Gangster*,Action/Thriller,Tigmanshu Dhulia,"Jimmy Shergill, Mahie Gill, Randeep Hooda | [64]",
,*Tere Mere Phere*,Romantic/Comedy,Deepa Sahi,"Vinay Pathak, Riya Sen, Jagrat Desai, Sasha Goradia | [65]",
,*Chargesheet*,Drama/Thriller,Dev Anand,"Dev Anand, Jackie Shroff, Naseeruddin Shah, Divya Dutta | [66]",
,*Na Jaane Kabse hum hi*,Romance,Pammi Somal,"Garry Gill, Amrita Prakash, Sharat Saxena, Gurpreet Ghuggi, Lilette Dubey, Javed 
Sheikh | [67]",
*OCT*,*Rascals*,Comedy/Action,David Dhawan,"Ajay Devgn, Sanjay Dutt, Arjun Rampal, Kangana Ranaut | [68]",
,*Love Breakups Zindagi*,Romantic,Sahil Sangha,"Zayed Khan, Dia Mirza | [69]",
,*Mujhse Fraaandship Karoge*,Comedy/Romance,kupur Ashtana,[70],
,*My Friend Pinto*,Romance Comedy Crime,Raghav Dar,"Prateik Babbar, Kalki Koechlin, Manisha Koirala, Naseeruddin Shah, Shruti 
Seth | [71]",
,*Aazaan*,Action/Thriller,Prashant Chadha,"Sachiin J Joshi, Candice Boucher, Arya Babbar, Dalip Tahil | [72]",
,*Ra.One*,Sci-Fi,Anubhav Sinha,"Shahrukh Khan, Kareena Kapoor, Arjun Rampal, Shahana Goswami [73]",
,*Tell Me O Kkhuda*,Drama,"Mayur Puri, Hema Malini","Esha Deol, Vinod Khanna, Rishi Kapoor, Arjan Bajwa, Dharmendra | [74]",
,*Damadamm!*,Comedy,Swapna Waghmare,"Himesh Reshammiya, Purbi Joshi, Sonal Sehgal | [75]",
*NOV*,*Loot*,Comedy,Rajneesh Thakur,"Govinda, Suniel Shetty, Javed Jaffrey, Shweta Bhardwaj, Hansika Motwani, Mahakshay 
Chakraborty |",
,*Miley Naa Miley Hum*,Romance/Drama,Tanveer Khan,"Chirag Paswan, Kangana Ranaut, Kabir Bedi, Poonam Dhillon | [76]",
,*Rockstar*,Romance/Drama,Imtiaz Ali,"Ranbir Kapoor, Nargis Fakhri, Shammi Kapoor | [77]",
,*Shakal Pe Mat Ja*,Comedy,Shubh Mukherjee,"Shubh Mukherjee, Pratik Katare, Saurabh Shukla, Raghuveer Yadav, Aamna 
Shariff, Zakir Hussain |",
,*Desi Boyz*,Comedy,Rohit Dhawan,"Akshay Kumar, John Abraham, Deepika Padukone, Chitrangada Singh, Omi Vaidya 
| [78]",
*DEC*,*The Dirty Picture*,Drama,Milan Luthria,"Vidya Balan, Naseeruddin Shah, Tusshar Kapoor, Emraan Hashmi | [79]",
,*Ladies vs Ricky Bahl*,Comedy,Maneesh Sharma,"Ranveer Singh, Anushka Sharma, Parineeti Chopra, Dipannita Sharma, Aditi 
Sharma | [80]",
,*Jo Hum Chahein*,Romance/Drama,Pawan Gill,"Sunny Gill, Simran Mundi, Alyy Khan, Achint Kaur, Yuri Suri | [81]",
,*Don 2: The Chase Continues*,Action/thriller,Farhan Akhtar,"Shahrukh Khan, Priyanka Chopra, Lara Dutta, Boman Irani, Alyy Khan, Kunal 
Kapoor, Om Puri | [82]",
*JANUARY*,*Players*,Action/Thriller,Abbas-Mustan,"Abhishek Bachchan, Sonam Kapoor, Bipasha Basu, Neil Nitin Mukesh, Bobby Deol, 
Omi Vaidya, Sikander Kher[2]",
,*Chaalis Chauraasi 4084*,Comedy/Crime,Hriday Shetty,"Naseeruddin Shah, Atul Kulkarni, Kay Kay Menon, Ravi Kissen[3]",
,*Ghost*,Adult/Horror,Puja Jatinder Bedi,"Shiney Ahuja, Sayali Bhagat, Deepraj Rana[4]",
,*Sadda Adda*,Comedy,Muazzam Beg,"Karanvir Sharma, Shaurya Chauhan, Bhaumik Sampat, Kahkkashan Aryan, Rohin 
Robert, Rohit Arora[5]",
,*Agneepath*,Action/Drama,Karan Malhotra,"Hrithik Roshan, Sanjay Dutt, Priyanka Chopra, Rishi Kapoor, Om Puri, Zarina 
Wahab[6]",
*FEBRUARY*,*Gali Gali Chor Hai*,Drama,Rumi Jaffrey,"Akshaye Khanna, Shriya Saran, Mugdha Godse, Satish Kaushik, Vijay Raaz[7]",
,*Staying Alive*,Social,Anant Mahadevan,"Anant Mahadevan, Saurabh Shukla, Chandan Roy Sanyal[8]",
,*Love You To Death*,Comedy,Rafeeg Ellias,"Yuki Ellias, Chandan Roy Sanyal, Sheeba Chaddha, Suhasini Mulay[9]",
,*Ek Main Aur Ekk Tu*,Romance/Comedy,Shakun Batra,"Imran Khan, Kareena Kapoor, Boman Irani, Ram Kapoor, Ratna Pathak Shah[10]",
,*Valentine's Night*,Adult/Romance/Thriller,Krishan Kumar,"Payal Rohatgi, Sangram Singh, Rahul Minz, Neha Thakur,[11]",
,*Ekk Deewana Tha*,Romance,Gautham Menon,"Prateik Babbar, Amy Jackson, Manu Rishi, Ramesh Sippy, Sachin Khedekar[12]",
,*?: A question mark*,Adult/Horror,"Allyson Patel
Yash Dave","Maanvi Gagroo, Akhlaque Khan, Yaman Chatwal, Varun Thakur, Chirag Jain[13]",
,*Married 2 America*,Drama,Dilip Shankar,"Jackie Shroff, Archana Joglekar, Anjali Malhotra, Shweta Tiwari, Raghuveer 
Yadav, Chetan Pandit, Ashok Samarth, Akhilendra Mishra",
,*Jodi Breakers*,Romance,Ashwini Chaudhary,"Madhavan, Bipasha Basu, Omi Vaidya, Dipannita Sharma[14]",
,*Tere Naal Love Ho Gaya*,Romance/Comedy,Mandeep Kumar,"Riteish Deshmukh, Genelia D'Souza, Om Puri[15]",
*MARCH*,"*London, Paris, New York*",Romance,Anu Menon,"Ali Zafar, Aditi Rao Hydari[16]",
,*Paan Singh Tomar*,Crime,Tigmanshu Dhulia,"Irrfan Khan, Mahie Gill[17]",
,*Will You Marry Me?*,Romance,Aditya Dutt,"Shreyas Talpade, Mugdha Godse, Rajeev Khandelwal, Muzamil Ibrahim[18]",
,*Kahaani*,Drama/Thriller,Sujoy Ghosh,"Vidya Balan, Parambrata Chatterjee[19]",
,*Chaar Din Ki Chandni*,Comedy,Samir Karnik,"Tusshar Kapoor, Kulraj Randhawa, Anupam Kher[19]",
,*Say Yes to Love*,Romance,Mahrukh Mirza Beg,"Asad Mirza, Nazia Hussain, Aditya Roy Kapur[20]",
,*Akkad Bakkkad Bam Be Bo*,Romance,Dweep Raj Kochhar,Dweep Raj Kochhar[21],
,*Zindagi Tere Naam*,Romance,Ashu Trikha,"Mithun Chakraborthy, Ranjeeta Kaur, Ashish Sharma[21]",
,*Agent Vinod*,Suspense/Thriller,Sriram Raghavan,"Saif Ali Khan, Kareena Kapoor[20]",
,*Blood Money*,Thriller,Vishal Mahadkar,"Kunal Khemu, Amrita Puri[22]",
,*Bumboo*,Comedy,Jagdish Rajpurohit,"Sharat Saxena, Sanjay Mishra[20]",
*APRIL*,*Housefull 2*,Action Comedy,Sajid Khan,"Akshay Kumar, Asin Thottumkal, Jacqueline Fernandez, John Abraham, Riteish 
Deshmukh, Zarine Khan, Shreyas Talpade, Shazahn Padamsee, Rishi Kapoor, Randhir 
Kapoor, Boman Irani, Mithun Chakraborty[23]",
,*Bittoo Boss*,Comedy,Supavitra Babul,"Pulkit Samrat, Amita Pathak[24]",
,*Chhodo Kal Ki Baatein*,Comedy,Pramod Joshi,"Sachin Khedekar, Anjan Srivastav, Atul Parchure, Anupam Kher[25]",
,*Ab Hoga Dharna Unlimited*,Drama,Deepak Tanwar,"Sourabh Malik, Rekha Rana, Omkar Das Manikpuri[25]",
,*Vicky Donor*,Comedy,Shoojit Sircar,"Ayushmann Khurrana, Yami Gautam, Annu Kapoor[26]",
,*Hate Story*,Adult/Thriller,Vivek Agnihotri,"Paoli Dam, Gulshan Devaiya, Nikhil Dwivedi[26]",
,*Tezz*,Action,Priyadarshan,"Ajay Devgn, Anil Kapoor, Kangana Ranaut, Zayed Khan, Sameera Reddy, Boman 
Irani, Mohanlal[27]",
,*Life Ki Toh Lag Gayi (Film)*,Comedy,Rakesh Mehta,"Ranvir Shorey, Kay Kay Menon, Manu Rishi, Rukhsar Rehman, Neha Bhasin[27]",
*MAY*,*Jannat 2*,Crime/Thriller,Kunal Deshmukh,"Emraan Hashmi, Randeep Hooda & Esha Gupta[28]",
,*Fatso!*,Comedy,Rajat Kapoor,"Ranvir Shorey, Gul Panag, Purab Kohli[28]",
,*The Forest*,Horror,Ashvin Kumar,"Ankur Vikal, Nandana Sen, Jaaved Jaaferi[28]",
,"*Love, Lies & Seetha*",Comedy,Chandra Pemmaraju,"Melanie Kannokada, Arjun Gupta, Lavrenti Lopes[28]",
,*Dangerous Ishq*,Romance/Thriller,Vikram Bhatt,"Karishma Kapoor, Rajneesh Duggal, Jimmy Shergill, Divya Dutta[29]",
,*Ishaqzaade*,Romance,Habib Faisal,"Arjun Kapoor, Parineeti Chopra[30]",
,*Department*,Adult/Action/Crime,Ram Gopal Varma,"Amitabh Bachchan, Sanjay Dutt, Rana Daggubati, Anjana Sukhani, Lakshmi 
Manchu, Naseeruddin Shah[31]",
,*Chhota Bheem And The Curse Of Damyaan*,Animation,Rajiv Chilaka,"Voice-Over by Kaustav Ghosh, Rupa Bhimani[32]",
,*Mr. Bhatti on Chutti*,Comedy Film,Karan Razdan,"Anupam Kher, Abid Ali[33]",
,*Arjun: The Warrior Prince*,Computer-Animated,Arnab Chaudhuri,"Voice-over by Yuddvir Bakolia, Anjan Srivastav, Sachin Khedekar, Ila Arun, Vishnu 
Sharma[34]",
,*MLA*,Crime,Shiv Dube,"Mukesh Tiwari, Omkar Das Manikpuri[35]",
,*Rakhtbeej*,Romantic Comedy,Anil Balani,"Maanas Srivastavam, Sayantani Nandi[36]",
,*Yeh Khula Aasmaan*,Romantic,Gitanjali Sinha,"Raghuveer Yadav, Yashpal Sharma[36]",
,"*Love, Wrinkle-free*",Adult/Romantic,Sandeep Mohan,"Ash Chandler, Shernaz Patel[36]",
*JUNE*,*Rowdy Rathore*,Action/comedy,Prabhu Deva,"Akshay Kumar, Sonakshi Sinha, Paresh Ganatra, Nassar[37]",
,*Shanghai*,Political/Thriller,Dibakar Banerjee,"Emraan Hashmi, Abhay Deol, Kalki Koechlin, Prasenjit Chatterjee[38]",
,*Ferrari Ki Sawaari*,Drama/Comedy,Rajesh Mapuskar,"Sharman Joshi, Boman Irani[39]",
,*Qasam Se Qasam Se*,Romance,Azim Rizvi,"Faith, Rakhi Sawant, Satish Kaushik, Mukesh Tiwari, Omkar Das Manikpuri[40]",
,*Teri Meri Kahaani*,Romance/Comedy,Kunal Kohli,"Shahid Kapoor, Priyanka Chopra, Prachi Desai[41]",
,*Gangs of Wasseypur*,Adult/Crime/Thriller,Anurag Kashyap,"Manoj Bajpai, Nawazuddin Siddiqui, Piyush Mishra, Richa Chadda, Huma Qureshi, 
Reema Sen[42]",
,*Maximum*,Thriller,Kabeer Kaushik,"Sonu Sood, Naseeruddin Shah, Neha Dhupia, Vinay Pathak[43]",
*JULY*,*Bol Bachchan*,Comedy/Action,Rohit Shetty,"Ajay Devgn, Abhishek Bachchan, Asin Thottumkal, Prachi Desai[44]",
,*3 Bachelors*,Comedy,Ajay Sinha,"Sharman Joshi, Riya Sen, Raima Sen,[45]",
,*Cocktail*,Romance,Homi Adajania,"Saif Ali Khan, Deepika Padukone, Diana Penty, Boman Irani, Dimple Kapadia[46
]",
,*Gattu*,Children,Rajan Khosa,"Sarvasva, Mohammad Samad, Naresh Kumar[47]",
,*Challo Driver*,Comedy,Vickrant Mahajan,"Kainaz Motivala, Vickrant Mahajan, Prem Chopra, Manoj Pahwa[48]",
,*Mere Dost Picture Abhi Baki Hai*,Comedy,Rajnish Raj Thakur,"Suniel Shetty, Rajpal Yadav[49]",
,*Kyaa Super Kool Hai Hum*,Adult/Comedy,Sachin Yardi,"Tusshar Kapoor, Riteish Deshmukh, Neha Sharma, Sarah-Jane Dias[50]",
,*Aalaap*,Social,Manish Manikpuri,"Amit Purohit, Pitobash Tripathy, Gamya Wijayadasa, Rituparna Sengupta,",
,Overtime,Drama,Ajay Yadav,"Swati Sharma, Yashpal Sharma, Satish Kaushik,[51]",
*AUGUST*,*Jism 2*,Adult/Thriller,Pooja Bhatt,"Sunny Leone, Arunoday Singh, Randeep Hooda[52]",
,*Krishna Aur Kans*,Computer-Animated,Vikram Veturi,"Voice-over by Om Puri, Juhi Chawla, Manoj Bajpai, Anupam Kher, A. K. Hangal, 
Sachin Pilgaonkar, Supriya Pilgaonkar, Prachi Save[53][54]",
,*Gangs of Wasseypur - Part 2*,Adult/Crime/Thriller,Anurag Kashyap,"Nawazuddin Siddiqui, Tigmanshu Dhulia, Piyush Mishra, Richa Chadda, Huma 
Qureshi, Reema Sen[55]",
,*Paanch Ghantey Mien Paanch Crore*,Thriller,Faisal Saif,"Meera, Abhishek Kumar, Kavita Radheshyam",
,*Ek Tha Tiger*,Romance/Action,Kabir Khan,"Salman Khan, Katrina Kaif, Ranvir Shorey, Girish Karnad[56]",
,*Shirin Farhad Ki Toh Nikal Padi*,Romance/Comedy,Bela Sehgal,"Boman Irani, Farah Khan[57]",
,*Joker*,Drama,Shirish Kunder,"Akshay Kumar, Sonakshi Sinha, Shreyas Talpade, Minnisha Lamba[58]",
,*Jalpari: The Desert Mermaid*,Thriller/Social,Nila Madhab Panda,"Rahul Singh, Suhasini Mulay, Lehar Khan, Harsh Mayar, Tannishtha Chatterjee, 
Parvin Dabas[59]",
,*From Sydney with Love*,Romantic,Prateek Chakravorty,"Sharad Malhotra, Karan Sagoo, Evelyn Sharma[60]",
,*I M 24*,Comedy,Saurabh Shukla,"Ranvir Shorey, Neha Dhupia, Saurabh Shukla, Rajat Kapoor, Karan Singh Grover, 
Manjari Fadnis",
*SEPTEMBER*,*Raaz 3*,Adult/Suspense/Thriller,Vikram Bhatt,"Emraan Hashmi, Bipasha Basu, Esha Gupta[61]",
,*Chal Pichchur Banate Hain*,Comedy,Pritish Chakraborty,"Rahil Tandon, Bhavna Ruparel[62]",
,*Barfi!*,Romance/Comedy,Anurag Basu,"Ranbir Kapoor, Priyanka Chopra, Ileana D'Cruz[63]",
,*Jeena Hai Toh Thok Daal*,Drama,Manish Vatsalya,"Ravi Kissen, Yashpal Sharma, Govind Namdev, Hazel, Sharat Saxena[64]",
,*Heroine*,Adult/Drama,Madhur Bhandarkar,"Kareena Kapoor, Arjun Rampal, Randeep Hooda, Mugdha Godse, Rakesh Bapat, Divya 
Dutta[65]",
,*Kamaal Dhamaal Malamaal*,Comedy,Priyadarshan,"Paresh Rawal, Om Puri, Nana Patekar, Shreyas Talpade, Rajpal Yadav, 
Madhurima[66]",
,*Oh My God*,Comedy,Umesh Shukla,"Paresh Rawal, Akshay Kumar, Mithun Chakraborty, Lubna Salim [67]",
*OCTOBER*,*English Vinglish*,Drama,Gauri Shinde,"Sridevi, Priya Anand, Mehdi Nebbou, Amitabh Bachchan[68]",
,*Kismet Love Paisa Dilli*,Comedy,Sanjay Khanduri,"Vivek Oberoi, Mallika Sherawat[69]",
,*Aiyyaa*,Rom-Com,Sachin Kundalkar,"Rani Mukerji, Prithviraj Sukumaran[70]",
,*Makkhi*,Action/Fantasy,S S Rajamouli,"Sudeep, Nani, Samantha[71]",
,Login,Drama/Thriller,Sanjeev Reddy,"Himansu Bhatt, Radhika Roy, Akkash Basant, Rashmi Gautam, Nandini Rai,[72]",
,*Chittagong (film)*,Drama,Bedabrata Pain,"Manoj Bajpai, Vega Tamotia, Nawazuddin Siddiqui, Barry John[73]",
,*Bhoot Returns*,Horror,Ram Gopal Verma,"Manisha Koirala, J. D. Chakravarthy[74]",
,*Student Of The Year*,Romance/Comedy,Karan Johar,"Siddharth Malhotra, Alia Bhatt, Varun Dhawan, Rishi Kapoor[75]",
,*Delhi Safari*,Computer Animated,Nikhil Advani,"Voice-Over By Akshaye Khanna, Suniel Shetty, Urmila Matondkar, Boman Irani, 
Govinda, Swini Khara[76]",
,*Chakravyuh*,Political Thriller,Prakash Jha,"Arjun Rampal, Abhay Deol, Esha Gupta, Manoj Bajpai, Kabir Bedi[77]",
,*Ajab Gazabb Love*,Comedy,Sanjay Gadhvi,"Jackky Bhagnani, Nidhi Subbaiah, Arjun Rampal, Darshan Jariwala, Kirron Kher
[78]",
,*Rush*,Thriller/Crime,"Shamin Desai, Priyanka Desai","Emraan Hashmi, Neha Dhupia, Sagarika Ghatge, Aditya Pancholi[79]",
*NOVEMBER*,*Luv Shuv Tey Chicken Khurana*,Comedy,Sameer Sharma,"Kunal Kapoor, Huma Qureshi[80]",
,*1920 - Evil Returns*,Horror,Bhushan Patel,"Aftab Shivdasani, Tia Bajpai, Vidya Malvade[81]",
,*Ata Pata Laapata*,Musical Comedy,Rajpal Yadav,"Rajpal Yadav, Ashutosh Rana, Asrani[82]",
,*Sons Of Ram*,Animation/Drama/Children,Kushal Ruia,"Voice over by Sunidhi Chauhan, Aditya Kapadia, Devansh Doshi, Saptharishi 
Ghosh[83]",
,*Future To Bright Hai Ji*,Drama,Sanjay Amar,"Aamir Bashir, Sonal Sehgal, Satish Kaushik[84]",
,*Jab Tak Hai Jaan*,"Romance, Drama",Yash Chopra,"Shahrukh Khan, Katrina Kaif, Anushka Sharma[85]",
,*Son Of Sardaar*,Comedy,Ashwni Dhir,"Ajay Devgn, Sonakshi Sinha, Sanjay Dutt, Juhi Chawla[86]",
,*Talaash*,Drama/Suspense,Reema Kagti,"Aamir Khan, Rani Mukerji, Kareena Kapoor, Nawazuddin Siddiqui[87]",
*DECEMBER*,*Khiladi 786*,Action/Comedy,Ashish R Mohan,"Akshay Kumar, Asin Thottumkal, Mithun Chakraborty, Raj Babbar, Himesh 
Reshammiya, Paresh Rawal[88]",
,*Cigarette Ki Tarah*,Drama/Thriller,Akashaditya Lama,"Bhoop Yaduvanshi, Prashant Narayanan, Madhurima Tuli, Sudesh Berry,[89]",
,*Dabangg 2*,Action/Comedy,Arbaaz Khan,"Salman Khan, Sonakshi Sinha, Arbaaz Khan, Prakash Raj, Vinod Khanna[90]",
*APRIL*,*Chashme Baddoor*,Comedy,David Dhawan,"Ali Zafar, Siddharth, Taapsee Pannu, Divyendu Sharma[35]",
,*Nautanki Saala*,Comedy/Romance,Rohan Sippy,"Ayushmann Khurrana, Kunaal Roy Kapur, Pooja Salvi, Evelyn Sharma[36]",
,*Commando-A One Man Army*,Action/Romance,Dilip Ghosh,"Vidyut Jamwal, Pooja Chopra, Jaideep Ahlawat[37]",
,*Ek Thi Daayan*,Horror,Kannan Iyer,"Emraan Hashmi, Huma Qureshi, Konkona Sen Sharma, Kalki Koechlin[38]",
,*Aashiqui 2*,Musical romance,Mohit Suri,"Aditya Roy Kapur, Shraddha Kapoor, Shaad Randhawa[39]",
,*Shree*,Thriller,Rajesh Bachchani,"Hussain Kuwajerwala, Paresh Ganatra, Anjali Patil[40]",
*MAY*,*Shootout at Wadala*,Crime/Thriller,Sanjay Gupta,"John Abraham, Anil Kapoor, Ronit Roy, Manoj Bajpayee, Kangana Ranaut, Sonu 
Sood, Tushar Kapoor, Mahesh Manjrekar, Priyanka Chopra, Sunny Leone, Jackie 
Shroff, Raju Kher[41]",
,*Bombay Talkies*,Anthology,"Anurag Kashyap, Karan Johar, Zoya Akhtar, Dibakar Banerjee","tanmay pant, Rani Mukerji, Nawazuddin Siddiqui, Randeep Hooda, Saqib Saleem, 
Sadashiv Amrapurkar, Katrina Kaif[42]",
,*Chhota Bheem And The Throne of Bali*,Children/Animation,Rajiv Chilaka,"Chhota Bheem, Raju, Chutki, arjun[43]",
,*Go Goa Gone*,Zombie comedy,"Raj Nidimoru, Krishna D.K.","Saif Ali Khan, Kunal Khemu, Vir Das, Puja Gupta[44]",
,*Gippi*,Coming of age,Sonam Nair,"Riya Vij, Divya Dutta, Taaha Shah[45]",
,*Aurangzeb*,Drama/Action,Atul Sabharwal,"Arjun Kapoor, Prithviraj Sukumaran, Jackie Shroff, Rishi Kapoor, Sasha Agha[
46]",
,*I Don't Luv U*,Romantic drama,Amit Kasaria,"Ruslaan Mumtaz, Chetna Pande[47]",
,*Beehad - The Ravines*,Drama,Krishna Mishra,"Maan Singh Deep, Mangal Singh, Sunil Sawara[48]",
,*Ishkq in Paris*,Romance,Prem Raj,"Preity Zinta, Rhehan Malliek, Isabelle Adjani[49]",
,*Hum Hai Raahi CAR Ke*,Romantic comedy,Jyotin Goel,"Adah Sharma, Dev Goel, Sanjay Dutt, Juhi Chawla, Chunky Pandey[50]",
,*Zindagi 50-50*,Social,Rajiv S. Ruia,"Riya Sen, Rajan Verma, Veena Malik, Arya Babbar, Supriya Kumari, Rajpal 
Yadav[51]",
,*Yeh Jawaani Hai Deewani*,Romantic comedy,Ayan Mukerji,"Ranbir Kapoor, Deepika Padukone, Aditya Roy Kapur, Kalki Koechlin, Evelyn 
Sharma, Kunal Roy Kapoor[52]",
*JUNE*,*Yamla Pagla Deewana 2*,Comedy/Action,Sangeeth Sivan,"Dharmendra, Sunny Deol, Bobby Deol, Neha Sharma, Kristina Akheeva[53]",
,*Fukrey*,Comedy,Mrigdeep Singh Lamba,"Pulkit Samrat, Manjot Singh, Ali Fazal, Richa Chadda, Vishakha Singh, Priya 
Anand, Pankaj Tripathi[54]",
,*Ankur Arora Murder Case*,Thriller,Suhail Tatari,"Kay Kay Menon, Paoli Dam, Arjun Mathur, Vishakha Singh, Harsh Chhaya[55]",
,*Raanjhanaa*,Romance,Anand L. Rai,"Dhanush, Sonam Kapoor, Abhay Deol, Swara Bhaskar, Mohammed Zeeshan Ayyub[56]",
,*Enemmy*,Action,Ashu Trikha,"Mithun Chakraborty, Sunil Shetty, Mahakshay Chakraborty, Kay Kay Menon, Johnny 
Lever, Mahesh Manjrekar, Yuvika Chaudhary[57]",
,*Shortcut Romeo*,Romantic thriller,Susi Ganeshan,"Neil Nitin Mukesh, Ameesha Patel, Puja Gupta[58]",
,*Ghanchakkar*,Comedy/Thriller,Rajkumar Gupta,"Emraan Hashmi, Vidya Balan[59]",
*JANUARY*,*Table No. 21*,Thriller/Drama,Aditya Datt,"Paresh Rawal, Rajeev Khandelwal, Tena Desae",[4]
,*Dehraadun Diary*,Thriller,Milind Ukey,"Adhyayan Suman, Rohit Bakshi (actor), Ragini Nandwani, Ashwini Kalsekar, Rati 
Agnihotri",[5]
,*Meri Shadi Karao*,Comedy,Syed Noor,Gurdeep Singh Mehndi,[6]
,*Matru Ki Bijlee Ka Mandola*,Comedy,Vishal Bhardwaj,"Imran Khan, Anushka Sharma, Pankaj Kapur",[7]
,*Pyaar Mein Aisa Hota Hai*,Thriller,Rajeesh Kumar,"Mohd Nazim, Aanamika Bawa, Rohit Rajawat, Aayushi Sharma",[8]
,*Gangoobai*,Drama,Priya Krishnaswamy,"Sarita Joshi, Purab Kohli, Mita Vasisht",[9]
,*Inkaar*,Romance/Crime,Sudhir Mishra,"Arjun Rampal, Chitrangada Singh, Gaurav Dwivedi",[10]
,*Mumbai Mirror*,Action,Ankush Bhatt,"Sachiin Joshi, Gihana Khan, Prakash Raj",[11]
,*Bandook*,Crime,Aditya Om,"Aditya Om, Manisha Kelkar, Arshad Khan",[12]
,*Race 2*,Action/Thriller,Abbas-Mustan,"Saif Ali Khan, Deepika Padukone, John Abraham, Jacqueline Fernandez, Anil 
Kapoor, Ameesha Patel",[13]
,*Akaash Vani*,Romance,Luv Ranjan,"Kartik Tiwari, Nushrat Bharucha",[14]
,*Main Krishna Hoon*,Animation/Musical,Rajiv S. Ruia,"Hrithik Roshan, Juhi Chawla, Rajneesh Duggal, Misti Mukherjee, Katrina Kaif",[15]
*FEBRUARY*,*David*,Crime,Bejoy Nambiar,"Vikram, Lara Dutta, Vinay Virmani, Neil Nitin Mukesh, Tabu",[16]
,*Vishwaroop*,Action,Kamal Hassan,"Kamal Hassan, Pooja Kumar, Shekhar Kapur, Andrea Jeremiah, Rahul Bose",[17]
,*Mai...*,Drama/Family,Mahesh Kodiyal,"Asha Bhosle, Ram Kapoor, Padmini Kolhapure",[18]
,*Listen... Amaya*,Drama,Avinash Kumar Singh,"Farooq Sheikh, Deepti Naval, Swara Bhaskar",[19]
,*Special 26*,Drama/Comedy,Neeraj Pandey,"Akshay Kumar, Kajal Aggarwal, Manoj Bajpayee, Anupam Kher, Jimmy Shergill[20
]",
,*The Unsound*,Thriller,Alok Shrivastava,"Shadaab Khan, Anurita Jha[21]",
,*Jayantabhai Ki Luv Story*,Comedy/Romance,Vinnil Markan,"Vivek Oberoi, Neha Sharma[22]",
,*Murder 3*,Thriller,Vishesh Bhatt,"Randeep Hooda, Aditi Rao Hydari, Mona Lizza",[23]
,*Kai Po Che!*,Drama,Abhishek Kapoor,"Amit Sadh, Sushant Singh Rajput, Rajkummar Rao, Amrita Puri",[24]
,*Zilla Ghaziabad*,Action,Anand Kumar,"Arshad Warsi, Vivek Oberoi, Harsh Raj Gond, Sanjay Dutt, Minissha Lamba, Ravi 
Kishan, Paresh Rawal",[25]
*MARCH*,"*I, Me, aur Main*",Romantic comedy,Kapil Sharma,"John Abraham, Prachi Desai, Chitrangda Singh",[26]
,*Bloody Isshq*,Romance/Thriller,Arup Dutta,"Akash Singh, Shilpa Anand, Tripta Parashar",[27]
,"*Saheb, Biwi Aur Gangster Returns*",Drama/Thriller,Tigmanshu Dhulia,"Jimmy Shergill, Mahie Gill, Irrfan Khan, Soha Ali Khan",[28]
,*Saare Jahaan Se Mehnga*,Satire/Comedy,Anshul Sharma,"Sanjai Mishra, Ranjan Chhabra, Disha Pandey, Vishwa Mohan Badola, Pramod 
Pathak, Zakir Hussain",[29]
,*3G*,Thriller,Shantanu & Sheershak,"Neil Nitin Mukesh, Sonal Chauhan",[30]
,*Mere Dad Ki Maruti*,Comedy,Ashima Chibber,"Saqib Saleem, Ram Kapoor, Rhea Chakraborty, Prabal Panjabi",[31]
,*Jolly LLB*,Comedy/Satire,Subash Kapoor,"Arshad Warsi, Amrita Rao, Boman Irani, Saurabh Shukla",[32]
,*Rangrezz*,Action,Priyadarshan,"Jackky Bhagnani, Priya Anand, Rajpal Yadav, Evelyn Sharma",[33]
,*Himmatwala*,Action/Comedy,Sajid Khan,"Ajay Devgan, Tamannaah, Mahesh Manjrekar, Riteish Deshmukh",[34]
*APRIL*,*Chashme Baddoor*,Comedy,David Dhawan,"Ali Zafar, Siddharth, Taapsee Pannu, Divyendu Sharma[35]",
,*Nautanki Saala*,Comedy/Romance,Rohan Sippy,"Ayushmann Khurrana, Kunaal Roy Kapur, Pooja Salvi, Evelyn Sharma[36]",
,*Commando-A One Man Army*,Action/Romance,Dilip Ghosh,"Vidyut Jamwal, Pooja Chopra, Jaideep Ahlawat[37]",
,*Ek Thi Daayan*,Horror,Kannan Iyer,"Emraan Hashmi, Huma Qureshi, Konkona Sen Sharma, Kalki Koechlin[38]",
,*Aashiqui 2*,Musical romance,Mohit Suri,"Aditya Roy Kapur, Shraddha Kapoor, Shaad Randhawa[39]",
,*Shree*,Thriller,Rajesh Bachchani,"Hussain Kuwajerwala, Paresh Ganatra, Anjali Patil[40]",
*MAY*,*Shootout at Wadala*,Crime/Thriller,Sanjay Gupta,"John Abraham, Anil Kapoor, Ronit Roy, Manoj Bajpayee, Kangana Ranaut, Sonu 
Sood, Tushar Kapoor, Mahesh Manjrekar, Priyanka Chopra, Sunny Leone, Jackie 
Shroff, Raju Kher[41]",
,*Bombay Talkies*,Anthology,"Anurag Kashyap, Karan Johar, Zoya Akhtar, Dibakar Banerjee","tanmay pant, Rani Mukerji, Nawazuddin Siddiqui, Randeep Hooda, Saqib Saleem, 
Sadashiv Amrapurkar, Katrina Kaif[42]",
,*Chhota Bheem And The Throne of Bali*,Children/Animation,Rajiv Chilaka,"Chhota Bheem, Raju, Chutki, arjun[43]",
,*Go Goa Gone*,Zombie comedy,"Raj Nidimoru, Krishna D.K.","Saif Ali Khan, Kunal Khemu, Vir Das, Puja Gupta[44]",
,*Gippi*,Coming of age,Sonam Nair,"Riya Vij, Divya Dutta, Taaha Shah[45]",
,*Aurangzeb*,Drama/Action,Atul Sabharwal,"Arjun Kapoor, Prithviraj Sukumaran, Jackie Shroff, Rishi Kapoor, Sasha Agha[
46]",
,*I Don't Luv U*,Romantic drama,Amit Kasaria,"Ruslaan Mumtaz, Chetna Pande[47]",
,*Beehad - The Ravines*,Drama,Krishna Mishra,"Maan Singh Deep, Mangal Singh, Sunil Sawara[48]",
,*Ishkq in Paris*,Romance,Prem Raj,"Preity Zinta, Rhehan Malliek, Isabelle Adjani[49]",
,*Hum Hai Raahi CAR Ke*,Romantic comedy,Jyotin Goel,"Adah Sharma, Dev Goel, Sanjay Dutt, Juhi Chawla, Chunky Pandey[50]",
,*Zindagi 50-50*,Social,Rajiv S. Ruia,"Riya Sen, Rajan Verma, Veena Malik, Arya Babbar, Supriya Kumari, Rajpal 
Yadav[51]",
,*Yeh Jawaani Hai Deewani*,Romantic comedy,Ayan Mukerji,"Ranbir Kapoor, Deepika Padukone, Aditya Roy Kapur, Kalki Koechlin, Evelyn 
Sharma, Kunal Roy Kapoor[52]",
*JUNE*,*Yamla Pagla Deewana 2*,Comedy/Action,Sangeeth Sivan,"Dharmendra, Sunny Deol, Bobby Deol, Neha Sharma, Kristina Akheeva[53]",
,*Fukrey*,Comedy,Mrigdeep Singh Lamba,"Pulkit Samrat, Manjot Singh, Ali Fazal, Richa Chadda, Vishakha Singh, Priya 
Anand, Pankaj Tripathi[54]",
,*Ankur Arora Murder Case*,Thriller,Suhail Tatari,"Kay Kay Menon, Paoli Dam, Arjun Mathur, Vishakha Singh, Harsh Chhaya[55]",
,*Raanjhanaa*,Romance,Anand L. Rai,"Dhanush, Sonam Kapoor, Abhay Deol, Swara Bhaskar, Mohammed Zeeshan Ayyub[56]",
,*Enemmy*,Action,Ashu Trikha,"Mithun Chakraborty, Sunil Shetty, Mahakshay Chakraborty, Kay Kay Menon, Johnny 
Lever, Mahesh Manjrekar, Yuvika Chaudhary[57]",
,*Shortcut Romeo*,Romantic thriller,Susi Ganeshan,"Neil Nitin Mukesh, Ameesha Patel, Puja Gupta[58]",
,*Ghanchakkar*,Comedy/Thriller,Rajkumar Gupta,"Emraan Hashmi, Vidya Balan[59]",
*JULY*,*Lootera*,Romance/Thriller,Vikramaditya Motwane,"Ranveer Singh, Sonakshi Sinha[60]",
,*Policegiri*,Action,K. S. Ravikumar,"Sanjay Dutt, Prakash Raj, Om Puri, Prachi Desai[61]",
,*Bhaag Milkha Bhaag*,Biopic,Aakash Bhimani,"Farhan Akhtar, Sonam Kapoor, Divya Dutta, Pawan Malhotra[62]",
,*Sixteen*,Drama,Raj Purohit,"Izabelle Leite, Darshan Jariwala, Wamiqa Gabbi, Highphill Mathew, Rohan 
Mehra[63]",
,*B.A. Pass*,Drama,Ajay Bahl,"Shilpa Shukla, Shadab Kamal, Rajesh Sharma[64]",
,*Boyss Toh Boyss Hain*,Comedy,Amit Vats,"Raj Kumar Yadav, Anshuman Jha, Divya Dutta, Sharat Saxena, Dhruv Ganesh, 
Aarya Kumar[65]",
,*Ramaiya Vastavaiya*,Rom-com,Prabhudeva,"Girish Kumar, Shruti Haasan[66]",
,*D Day*,Action/Drama,Nikhil Advani,"Arjun Rampal, Rishi Kapoor, Shruti Haasan, Irrfan Khan, Huma Qureshi[67]",
,*Ship of Theseus*,Avant-garde,Anand Gandhi,"Aida Al-Khashef, Niraj Kabi, Sohum Shah, Vinay Shukla[68]",
,*Issaq*,Romance/Drama,Manish Tiwary,"Prateik Babbar, Rajeshwari Sachdev, Evelyn Sharma, Ravi Kishan, Makarand 
Deshpande[69]",
,*Bajatey Raho*,Comedy,Shashant Shah,"Vinay Pathak, Ranvir Shorey, Ravi Kishan, Dolly Ahluwalia[70]",
,*Luv U Soniyo*,Romance,Joe Rajan,"Tanuj Virwani, Neha Hinge[71]",
,*Nasha*,Erotic/Thriller,Amit Saxena,"Poonam Pandey, Shivam, Ranbir Chakma[72]",
*AUGUST*,*Rabba Main Kya Karoon*,Comedy,Amrit Sagar Chopra,"Arshad Warsi, Akash Chopra, Tahira Kochchar, Paresh Rawal[73]",
,*Chor Chor Super Chor*,Comedy,K. Rajesh,"Deepak Dobriyal, Anshul Kataria, Priya Bathija, Paru Uma[74]",
,*Calapor*,Thriller/Drama,Dinesh P. Bhonsle,"Rituparna Sengupta, Priyanshu Chatterjee, Raghubir Yadav, Harsh Chhaya[75]",
,*Love in Bombay*,Romance,Joy Mukherjee,"Joy Mukherjee, Waheeda Rehman, Rehman, Ashok Kumar[76]",
,*Chennai Express*,Comedy/Action,Rohit Shetty,"Shah Rukh Khan, Deepika Padukone[77]",
,*Once Upon Ay Time In Mumbai Dobaara!*,Crime/Romance,Milan Luthria,"Akshay Kumar, Imran Khan, Sonakshi Sinha, Sonali Bendre, Mahesh Manjrekar[78
]",
,*Madras Cafe*,Drama/Espionage thriller,Shoojit Sircar,"John Abraham, Nargis Fakhri",
,*Satyagraha*,Political thriller,Prakash Jha,"Amitabh Bachchan, Ajay Devgn, Kareena Kapoor, Arjun Rampal, Amrita Rao, Manoj 
Bajpai[79]",
*SEPTEMBER*,*Zanjeer*,Action/Thriller,Apoorva Lakhia,"Ram Charan, Priyanka Chopra, Sanjay Dutt, Mahie Gill, Prakash Raj, Atul 
Kulkarni[80]",
,*Shuddh Desi Romance*,Romance,Maneesh Sharma,"Sushant Singh Rajput, Parineeti Chopra, Vaani Kapoor, Rishi Kapoor[81]",
,*Siddharth*,Drama,Richie Mehta,Rajesh Tailang,
,*Grand Masti*,Adult comedy,Indra Kumar,"Ritesh Deshmukh, Vivek Oberoi, Aftab Shivdasani, Karishma Tanna, Manjari 
Phadnis, Bruna Abdullah, Kainaat Arora[82]",
,*John Day*,Thriller,Ahishor Solomon,"Naseeruddin Shah, Randeep Hooda[83]",
,*Horror Story*,Horror,Ayush Raina,"Karan Kundra, Nishant Malkani, Ravish Desai, Hasan Zaidi, Sheetal Singh, Aparna 
Bajpai, Radhika Menon, Nandini Vaid[84]",
,*Phata Poster Nikla Hero*,Rom com/Action,Rajkumar Santoshi,"Shahid Kapoor, Ileana D'Cruz, Parul Yadav, Padmini Kolhapure, Darshan 
Jariwala[85]",
,*The Lunchbox*,Drama,Ritesh Batra,"Irrfan Khan, Nawazuddin Siddiqui, Bharati Achrekar[86]",
,*Warning*,Thriller,Gurmmeet Singh,"Santosh Barmola, Suzana Rodrigues, Manjari Fadnis, Varun Sharma, Jitin 
Gulati, Sumit Suri, Madhurima Tuli[87]",
,*Maazii*,Suspense thriller,Jaideep Chopra,"Sumeet Nijhawan, Mona Wasu, Pankaj Tripathi, Mohd. Zeeshan Ayyub, Manish 
Chaudhary[88]",
,*Prague*,Psychological thriller/Romance,Ashish R Shukla,"Chandan Roy Sanyal, Elena Kazan, Arfi Lamba, Kumar Mayank[89]",
,*Super Model*,Drama,Navin Batra,"Veena Malik, Ashmit Patel, Jackie Shroff[90]",
*OCTOBER*,*War Chhod Na Yaar*,War comedy,Faraz Haider,"Sharman Joshi, Javed Jaffrey, Soha Ali Khan, Sanjai Mishra[91]",
,*Baat Ban Gayi*,Comedy,Shuja Ali,"Ali Fazal, Gulshan Grover, Anisa[92]",
,*Pazhassi Raja*,Historical fiction,Hariharan,"Mammootty, Manoj K. Jayan, Sarathkumar, Suresh Krishna, Padmapriya 
Janakiraman, Kanika Subramaniam[93]",
,*Ek Thee Sanam*,Drama,Monish Kaushal,"Nisha Triloki, Rajender Thakur, Gopal Thakur[94]",
,*Paapi - Ek Satya Katha*,Crime,Aziz Sejawal,"Arya Babbar, Prosenjit Chatterjee, Sayantika Banerjee, Pooja Bharti, Rajesh 
Sharma, Harish Patel[95]",
,*Boss*,Masala,Anthony D'Souza,"Akshay Kumar, Mithun Chakraborty, Danny Denzongpa, Ronit Roy, Sonakshi Sinha, 
Aditi Rao Hydari, Shiv Pandit, Johny Lever[96]",
,*Shahid*,Drama/Biography,Hansal Mehta,"Rajkummar Rao, Tigmanshu Dhulia, Kay Kay Menon, Prabal Panjabi[97]",
,*Wake Up India*,Political/Drama,Babloo Seshadri,"Chirag Patil, Sai Tamhankar, Manoj Joshi, Aanjjan Srivastav, Mukesh Tiwari, Mohan 
Joshi, Milind Gunaji, Anant Jog, Adi Irani, Mushtaq Khan, Atul Parchure, 
Asrani, Anjula Singh Mahor[98]",
,*Amdavad Junction*,Crime/Drama,Apurv Bajpai,"Rohan Jardosh, Saurabh Singh, Gunjan Vyas, Touqeer Khan, Ishita Salot, 
Devendra Trivedi, Hitesh Patel, Swapna Nair[99]",
,*Dilli Gang*,Crime,Ashish Tyagi,"Darshan Jariwala, Neena Kulkarni, Yashpal Sharma, Amir Dalvi, Asif Basra, Asif 
Ali[100]",
,*Mickey Virus*,Comedy/Thriller,Saurabh Varma,"Manish Paul, Elli Avram, Varun Badola, Manish Chaudhary, Puja Gupta[101]",
,*Ishk Actually*,Romance,Anish Khanna,"Rajeev Khandelwal, Rayo Bakhirta, Neha Ahuja, Ann Mitchai, Neha Ghelot, 
Siddharth Van Shipley[102]",
,*Sooper Se Ooper*,Comedy,Shekhar Ghosh,"Vir Das, Kirti Kulhari, Gulshan Grover, Deepak Dobriyal, Yashpal Sharma[103]",
*NOVEMBER*,*Krrish 3*,Superhero,Rakesh Roshan,"Hrithik Roshan, Priyanka Chopra, Kangana Ranaut, Vivek Oberoi[104]",
,*Satya 2*,Crime,Ram Gopal Varma,"Puneet Singh Ratn, Anaika Soti,[105] Mahesh Thakur, Aradhna Gupta,[106][107] Raj 
Premi, Vikram Singh[108]",
,*Rajjo*,Romance,Vishwas Patil,"Kangana Ranaut, Paras Arora, Mahesh Manjrekar, Prakash Raj, Jaya Prada",
,*Goliyon Ki Rasleela Ram-Leela*,Romance/Drama,Sanjay Leela Bhansali,"Ranveer Singh, Deepika Padukone, Richa Chadda, Supriya Pathak[109]",
,*Gori Tere Pyaar Mein*,Romance/Comedy,Punit Malhotra,"Imran Khan, Kareena Kapoor, Shraddha Kapoor, Anupam Kher[110]",
,*Singh Saab The Great*,Action,Anil Sharma,"Sunny Deol, Amrita Rao, Johny Lever, Urvashi Rautela[111]",
,*Bullett Raja*,Comedy/Crime/Romance,Tigmanshu Dhulia,"Saif Ali Khan, Sonakshi Sinha, Jimmy Shergill, Vidyut Jamwal, Chunky Pandey, 
Sunny Leone[112]",
*DECEMBER*,*R... Rajkumar*,Action/Romance,Prabhudeva,"Shahid Kapoor, Sonakshi Sinha, Sonu Sood, Asrani, Ashish Vidyarthi[113]",
,*Jackpot*,Thriller/Comedy,Kaizad Gustad,"Sachiin J Joshi, Naseeruddin Shah, Sunny Leone[114]",
,*What the Fish*,Drama,Gurmmet Singh,"Dimple Kapadia, Manu Rishi, Manjot Singh, Anand Tiwari[115]",
,*Dhoom 3*,Action,Vijay Krishna Acharya,"Aamir Khan, Abhishek Bachchan, Katrina Kaif, Uday Chopra",
